<?xml version="1.0" encoding="UTF-8"?>
<!DOCTYPE hibernate-mapping PUBLIC 
    "-//Hibernate/Hibernate Mapping DTD 3.0//EN"
    "http://www.hibernate.org/dtd/hibernate-mapping-3.0.dtd">
<hibernate-mapping>
	<class name="model.generate.Dictionary" table="t_dictionary">
		<id name="id">
			<generator class="native"></generator>
		</id>
		<property name="name"></property>
		<property name="tableName"></property>
		<property name="columnName"></property>
		<property name="remark"></property>
	</class>
</hibernate-mapping>