<?xml version="1.0" encoding="UTF-8"?>
<!DOCTYPE hibernate-mapping PUBLIC 
    "-//Hibernate/Hibernate Mapping DTD 3.0//EN"
    "http://www.hibernate.org/dtd/hibernate-mapping-3.0.dtd">
<hibernate-mapping>
	<class name="model.generate.DictionaryDetail" table="t_dictionary_detail">
		<id name="id">
			<generator class="native"></generator>
		</id>
		<property name="dictionaryId"></property>
		<property name="value"></property>
		<property name="showText"></property>
		<property name="remark"></property>
	</class>
</hibernate-mapping>