<?xml version="1.0" encoding="UTF-8"?>
<!DOCTYPE hibernate-mapping PUBLIC 
    "-//Hibernate/Hibernate Mapping DTD 3.0//EN"
    "http://www.hibernate.org/dtd/hibernate-mapping-3.0.dtd">
<hibernate-mapping>
	<class name="model.generate.LineReplaceTemplet" table="t_line_replace_templet">
		<id name="id">
			<generator class="native"></generator>
		</id>
		<property name="name"></property>
		<property name="oldTemplet"></property>
		<property name="newTemplet"></property>
		<property name="text"></property>
	</class>
</hibernate-mapping>