<?xml version="1.0" encoding="UTF-8"?>
<!DOCTYPE hibernate-mapping PUBLIC 
    "-//Hibernate/Hibernate Mapping DTD 3.0//EN"
    "http://www.hibernate.org/dtd/hibernate-mapping-3.0.dtd">
<hibernate-mapping>
	<class name="model.generate.LocalProject" table="t_local_project">
		<id name="id">
			<generator class="native"></generator>
		</id>
		<property name="name"></property>
		<property name="path"></property>
		<property name="packDir"></property>
		<property name="packFile"></property>
	</class>
</hibernate-mapping>