<?xml version="1.0" encoding="UTF-8"?>
<!DOCTYPE hibernate-mapping PUBLIC 
    "-//Hibernate/Hibernate Mapping DTD 3.0//EN"
    "http://www.hibernate.org/dtd/hibernate-mapping-3.0.dtd">
<hibernate-mapping>
	<class name="model.generate.QueryTemplet" table="t_query_templet">
		<id name="id">
			<generator class="native"></generator>
		</id>
		<property name="name"></property>
		<property name="path"></property>
		<property name="pathPattern"></property>
		<property name="noPathPattern"></property>
		<property name="fileNamePattern"></property>
		<property name="noFileNamePattern"></property>
		<property name="encoding"></property>
	</class>
</hibernate-mapping>