<?xml version="1.0" encoding="UTF-8"?>
<!DOCTYPE hibernate-mapping PUBLIC 
    "-//Hibernate/Hibernate Mapping DTD 3.0//EN"
    "http://www.hibernate.org/dtd/hibernate-mapping-3.0.dtd">
<hibernate-mapping>
	<class name="model.generate.RedisInfo" table="t_redis_info">
		<id name="id">
			<generator class="native"></generator>
		</id>
		<property name="name"></property>
		<property name="ip"></property>
		<property name="port"></property>
		<property name="password"></property>
	</class>
</hibernate-mapping>