<?xml version="1.0" encoding="UTF-8"?>
<!DOCTYPE hibernate-mapping PUBLIC 
    "-//Hibernate/Hibernate Mapping DTD 3.0//EN"
    "http://www.hibernate.org/dtd/hibernate-mapping-3.0.dtd">
<hibernate-mapping>
	<class name="model.generate.RemoteCommand" table="t_remote_command">
		<id name="id">
			<generator class="native"></generator>
		</id>
		<property name="commandGroupId"></property>
		<property name="name"></property>
		<property name="command"></property>
		<property name="func"></property>
	</class>
</hibernate-mapping>